phase,filters,query_string,index,outcome,server_ms,wall_ms,rows,plan_indexes,needs_sort,hint
sweep,channel=email,channel=email,adaptive_idx,timeout,,5405.3,0,adaptive_idx,True,followed
sweep,channel=sms,channel=sms,adaptive_idx,timeout,,5404.6,0,adaptive_idx,True,followed
sweep,channel=push,channel=push,adaptive_idx,timeout,,5410.8,0,adaptive_idx,True,followed
sweep,channel=cblite,channel=cblite,adaptive_idx,timeout,,5401.3,0,adaptive_idx,True,followed
sweep,status=PENDING,status=PENDING,adaptive_idx,timeout,,5412.0,0,adaptive_idx,True,followed
sweep,status=DELIVERED,status=DELIVERED,adaptive_idx,timeout,,5402.7,0,adaptive_idx,True,followed
sweep,status=FAILED,status=FAILED,adaptive_idx,timeout,,5405.1,0,adaptive_idx,True,followed
sweep,type=account_alert,type=account_alert,adaptive_idx,timeout,,5455.5,0,adaptive_idx,True,followed
sweep,type=appointment_reminder,type=appointment_reminder,adaptive_idx,timeout,,5409.3,0,adaptive_idx,True,followed
sweep,type=document_expiry,type=document_expiry,adaptive_idx,timeout,,5449.3,0,adaptive_idx,True,followed
sweep,type=invoice_ready,type=invoice_ready,adaptive_idx,timeout,,5411.9,0,adaptive_idx,True,followed
sweep,type=otp_login,type=otp_login,adaptive_idx,timeout,,5407.2,0,adaptive_idx,True,followed
sweep,type=payment_received,type=payment_received,adaptive_idx,timeout,,5410.0,0,adaptive_idx,True,followed
sweep,type=reset_password,type=reset_password,adaptive_idx,timeout,,5412.3,0,adaptive_idx,True,followed
sweep,type=service_request_update,type=service_request_update,adaptive_idx,timeout,,5438.9,0,adaptive_idx,True,followed
sweep,app_name=ncgrdemo,app_name=ncgrdemo,adaptive_idx,timeout,,5402.0,0,adaptive_idx,True,followed
sweep,app_name=portal,app_name=portal,adaptive_idx,timeout,,5409.2,0,adaptive_idx,True,followed
sweep,app_name=hr_self_service,app_name=hr_self_service,adaptive_idx,timeout,,5402.7,0,adaptive_idx,True,followed
sweep,app_name=procurement,app_name=procurement,adaptive_idx,timeout,,5414.4,0,adaptive_idx,True,followed
sweep,app_name=payroll,app_name=payroll,adaptive_idx,timeout,,5411.4,0,adaptive_idx,True,followed
sweep,app_name=licensing,app_name=licensing,adaptive_idx,timeout,,5409.8,0,adaptive_idx,True,followed
sweep,seen=true,seen=true,adaptive_idx,timeout,,5407.8,0,adaptive_idx,True,followed
sweep,seen=false,seen=false,adaptive_idx,timeout,,5415.3,0,adaptive_idx,True,followed
sweep,time=last30d,from=2026-08-12T14%3A52%3A43Z&to=2026-09-11T14%3A52%3A43Z,adaptive_idx,timeout,,5407.4,0,adaptive_idx,True,followed
sweep,time=oct2025,from=2025-10-01T00%3A00%3A00Z&to=2025-10-31T23%3A59%3A59Z,adaptive_idx,timeout,,5433.5,0,adaptive_idx,True,followed
matrix,time [last30d],from=2026-08-12T14%3A52%3A43Z&to=2026-09-11T14%3A52%3A43Z,adaptive_idx,timeout,,5455.7,0,adaptive_idx,True,followed
matrix,time [oct2025],from=2025-10-01T00%3A00%3A00Z&to=2025-10-31T23%3A59%3A59Z,adaptive_idx,timeout,,5405.9,0,adaptive_idx,True,followed
matrix,user_id,user_id=usr_055270,adaptive_idx,timeout,,5407.4,0,adaptive_idx,True,followed
matrix,app_name,app_name=ncgrdemo,adaptive_idx,timeout,,5416.7,0,adaptive_idx,True,followed
matrix,channel,channel=email,adaptive_idx,timeout,,5406.0,0,adaptive_idx,True,followed
matrix,status,status=PENDING,adaptive_idx,timeout,,5413.9,0,adaptive_idx,True,followed
matrix,type,type=otp_login,adaptive_idx,timeout,,5406.0,0,adaptive_idx,True,followed
matrix,seen,seen=false,adaptive_idx,timeout,,5413.3,0,adaptive_idx,True,followed
matrix,time+user_id [last30d],from=2026-08-12T14%3A52%3A43Z&to=2026-09-11T14%3A52%3A43Z&user_id=usr_055270,adaptive_idx,timeout,,5397.8,0,adaptive_idx,True,followed
matrix,time+user_id [oct2025],from=2025-10-01T00%3A00%3A00Z&to=2025-10-31T23%3A59%3A59Z&user_id=usr_055270,adaptive_idx,ok,13.060947,612.6,31,adaptive_idx,True,followed
matrix,time+app_name [last30d],from=2026-08-12T14%3A52%3A43Z&to=2026-09-11T14%3A52%3A43Z&app_name=ncgrdemo,adaptive_idx,timeout,,5441.4,0,adaptive_idx,True,followed
matrix,time+app_name [oct2025],from=2025-10-01T00%3A00%3A00Z&to=2025-10-31T23%3A59%3A59Z&app_name=ncgrdemo,adaptive_idx,timeout,,5439.3,0,adaptive_idx,True,followed
matrix,time+channel [last30d],from=2026-08-12T14%3A52%3A43Z&to=2026-09-11T14%3A52%3A43Z&channel=email,adaptive_idx,timeout,,5403.6,0,adaptive_idx,True,followed
matrix,time+channel [oct2025],from=2025-10-01T00%3A00%3A00Z&to=2025-10-31T23%3A59%3A59Z&channel=email,adaptive_idx,timeout,,5412.1,0,adaptive_idx,True,followed
matrix,time+status [last30d],from=2026-08-12T14%3A52%3A43Z&to=2026-09-11T14%3A52%3A43Z&status=PENDING,adaptive_idx,timeout,,5428.5,0,adaptive_idx,True,followed
matrix,time+status [oct2025],from=2025-10-01T00%3A00%3A00Z&to=2025-10-31T23%3A59%3A59Z&status=PENDING,adaptive_idx,timeout,,5411.0,0,adaptive_idx,True,followed
matrix,time+type [last30d],from=2026-08-12T14%3A52%3A43Z&to=2026-09-11T14%3A52%3A43Z&type=otp_login,adaptive_idx,timeout,,5438.4,0,adaptive_idx,True,followed
matrix,time+type [oct2025],from=2025-10-01T00%3A00%3A00Z&to=2025-10-31T23%3A59%3A59Z&type=otp_login,adaptive_idx,timeout,,5411.4,0,adaptive_idx,True,followed
matrix,time+seen [last30d],from=2026-08-12T14%3A52%3A43Z&to=2026-09-11T14%3A52%3A43Z&seen=false,adaptive_idx,timeout,,5413.0,0,adaptive_idx,True,followed
matrix,time+seen [oct2025],from=2025-10-01T00%3A00%3A00Z&to=2025-10-31T23%3A59%3A59Z&seen=false,adaptive_idx,timeout,,5442.5,0,adaptive_idx,True,followed
matrix,user_id+app_name,user_id=usr_055270&app_name=ncgrdemo,adaptive_idx,timeout,,5444.1,0,adaptive_idx,True,followed
matrix,user_id+channel,user_id=usr_055270&channel=email,adaptive_idx,ok,14.239558,820.2,100,adaptive_idx,True,followed
matrix,user_id+status,user_id=usr_055270&status=PENDING,adaptive_idx,timeout,,5404.0,0,adaptive_idx,True,followed
matrix,user_id+type,user_id=usr_055270&type=otp_login,adaptive_idx,timeout,,5405.3,0,adaptive_idx,True,followed
matrix,user_id+seen,user_id=usr_055270&seen=false,adaptive_idx,timeout,,5410.3,0,adaptive_idx,True,followed
matrix,app_name+channel,app_name=ncgrdemo&channel=email,adaptive_idx,timeout,,5411.9,0,adaptive_idx,True,followed
matrix,app_name+status,app_name=ncgrdemo&status=PENDING,adaptive_idx,timeout,,5403.9,0,adaptive_idx,True,followed
matrix,app_name+type,app_name=ncgrdemo&type=otp_login,adaptive_idx,timeout,,5414.3,0,adaptive_idx,True,followed
matrix,app_name+seen,app_name=ncgrdemo&seen=false,adaptive_idx,timeout,,5410.1,0,adaptive_idx,True,followed
matrix,channel+status,channel=email&status=PENDING,adaptive_idx,timeout,,5410.0,0,adaptive_idx,True,followed
matrix,channel+type,channel=email&type=otp_login,adaptive_idx,timeout,,5409.0,0,adaptive_idx,True,followed
matrix,channel+seen,channel=email&seen=false,adaptive_idx,timeout,,5409.3,0,adaptive_idx,True,followed
matrix,status+type,status=PENDING&type=otp_login,adaptive_idx,timeout,,5402.8,0,adaptive_idx,True,followed
matrix,status+seen,status=PENDING&seen=false,adaptive_idx,timeout,,5411.0,0,adaptive_idx,True,followed
matrix,type+seen,type=otp_login&seen=false,adaptive_idx,timeout,,5406.1,0,adaptive_idx,True,followed
matrix,time+user_id+app_name [last30d],from=2026-08-12T14%3A52%3A43Z&to=2026-09-11T14%3A52%3A43Z&user_id=usr_055270&app_name=ncgrdemo,adaptive_idx,timeout,,5411.5,0,adaptive_idx,True,followed
matrix,time+user_id+app_name [oct2025],from=2025-10-01T00%3A00%3A00Z&to=2025-10-31T23%3A59%3A59Z&user_id=usr_055270&app_name=ncgrdemo,adaptive_idx,timeout,,5410.0,0,adaptive_idx,True,followed
matrix,time+user_id+channel [last30d],from=2026-08-12T14%3A52%3A43Z&to=2026-09-11T14%3A52%3A43Z&user_id=usr_055270&channel=email,adaptive_idx,timeout,,5413.4,0,adaptive_idx,True,followed
matrix,time+user_id+channel [oct2025],from=2025-10-01T00%3A00%3A00Z&to=2025-10-31T23%3A59%3A59Z&user_id=usr_055270&channel=email,adaptive_idx,timeout,,5409.4,0,adaptive_idx,True,followed
matrix,time+user_id+status [last30d],from=2026-08-12T14%3A52%3A43Z&to=2026-09-11T14%3A52%3A43Z&user_id=usr_055270&status=PENDING,adaptive_idx,ok,12.280885,415.5,2,adaptive_idx,True,followed
matrix,time+user_id+status [oct2025],from=2025-10-01T00%3A00%3A00Z&to=2025-10-31T23%3A59%3A59Z&user_id=usr_055270&status=PENDING,adaptive_idx,timeout,,5406.9,0,adaptive_idx,True,followed
matrix,time+user_id+type [last30d],from=2026-08-12T14%3A52%3A43Z&to=2026-09-11T14%3A52%3A43Z&user_id=usr_055270&type=otp_login,adaptive_idx,timeout,,5407.9,0,adaptive_idx,True,followed
matrix,time+user_id+type [oct2025],from=2025-10-01T00%3A00%3A00Z&to=2025-10-31T23%3A59%3A59Z&user_id=usr_055270&type=otp_login,adaptive_idx,timeout,,5403.4,0,adaptive_idx,True,followed
matrix,time+user_id+seen [last30d],from=2026-08-12T14%3A52%3A43Z&to=2026-09-11T14%3A52%3A43Z&user_id=usr_055270&seen=false,adaptive_idx,ok,16.395253,820.3,100,adaptive_idx,True,followed
matrix,time+user_id+seen [oct2025],from=2025-10-01T00%3A00%3A00Z&to=2025-10-31T23%3A59%3A59Z&user_id=usr_055270&seen=false,adaptive_idx,timeout,,5431.7,0,adaptive_idx,True,followed
matrix,time+app_name+channel [last30d],from=2026-08-12T14%3A52%3A43Z&to=2026-09-11T14%3A52%3A43Z&app_name=ncgrdemo&channel=email,adaptive_idx,timeout,,5429.2,0,adaptive_idx,True,followed
matrix,time+app_name+channel [oct2025],from=2025-10-01T00%3A00%3A00Z&to=2025-10-31T23%3A59%3A59Z&app_name=ncgrdemo&channel=email,adaptive_idx,timeout,,5409.7,0,adaptive_idx,True,followed
matrix,time+app_name+status [last30d],from=2026-08-12T14%3A52%3A43Z&to=2026-09-11T14%3A52%3A43Z&app_name=ncgrdemo&status=PENDING,adaptive_idx,timeout,,5412.0,0,adaptive_idx,True,followed
matrix,time+app_name+status [oct2025],from=2025-10-01T00%3A00%3A00Z&to=2025-10-31T23%3A59%3A59Z&app_name=ncgrdemo&status=PENDING,adaptive_idx,timeout,,5432.0,0,adaptive_idx,True,followed
matrix,time+app_name+type [last30d],from=2026-08-12T14%3A52%3A43Z&to=2026-09-11T14%3A52%3A43Z&app_name=ncgrdemo&type=otp_login,adaptive_idx,timeout,,5409.7,0,adaptive_idx,True,followed
matrix,time+app_name+type [oct2025],from=2025-10-01T00%3A00%3A00Z&to=2025-10-31T23%3A59%3A59Z&app_name=ncgrdemo&type=otp_login,adaptive_idx,timeout,,5409.0,0,adaptive_idx,True,followed
matrix,time+app_name+seen [last30d],from=2026-08-12T14%3A52%3A43Z&to=2026-09-11T14%3A52%3A43Z&app_name=ncgrdemo&seen=false,adaptive_idx,timeout,,5408.6,0,adaptive_idx,True,followed
matrix,time+app_name+seen [oct2025],from=2025-10-01T00%3A00%3A00Z&to=2025-10-31T23%3A59%3A59Z&app_name=ncgrdemo&seen=false,adaptive_idx,timeout,,5408.0,0,adaptive_idx,True,followed
matrix,time+channel+status [last30d],from=2026-08-12T14%3A52%3A43Z&to=2026-09-11T14%3A52%3A43Z&channel=email&status=PENDING,adaptive_idx,timeout,,5412.8,0,adaptive_idx,True,followed
matrix,time+channel+status [oct2025],from=2025-10-01T00%3A00%3A00Z&to=2025-10-31T23%3A59%3A59Z&channel=email&status=PENDING,adaptive_idx,timeout,,5468.6,0,adaptive_idx,True,followed
matrix,time+channel+type [last30d],from=2026-08-12T14%3A52%3A43Z&to=2026-09-11T14%3A52%3A43Z&channel=email&type=otp_login,adaptive_idx,timeout,,5408.2,0,adaptive_idx,True,followed
matrix,time+channel+type [oct2025],from=2025-10-01T00%3A00%3A00Z&to=2025-10-31T23%3A59%3A59Z&channel=email&type=otp_login,adaptive_idx,timeout,,5407.2,0,adaptive_idx,True,followed
matrix,time+channel+seen [last30d],from=2026-08-12T14%3A52%3A43Z&to=2026-09-11T14%3A52%3A43Z&channel=email&seen=false,adaptive_idx,timeout,,5416.7,0,adaptive_idx,True,followed
matrix,time+channel+seen [oct2025],from=2025-10-01T00%3A00%3A00Z&to=2025-10-31T23%3A59%3A59Z&channel=email&seen=false,adaptive_idx,timeout,,5425.2,0,adaptive_idx,True,followed
matrix,time+status+type [last30d],from=2026-08-12T14%3A52%3A43Z&to=2026-09-11T14%3A52%3A43Z&status=PENDING&type=otp_login,adaptive_idx,timeout,,5410.9,0,adaptive_idx,True,followed
matrix,time+status+type [oct2025],from=2025-10-01T00%3A00%3A00Z&to=2025-10-31T23%3A59%3A59Z&status=PENDING&type=otp_login,adaptive_idx,timeout,,5406.1,0,adaptive_idx,True,followed
matrix,time+status+seen [last30d],from=2026-08-12T14%3A52%3A43Z&to=2026-09-11T14%3A52%3A43Z&status=PENDING&seen=false,adaptive_idx,timeout,,5412.0,0,adaptive_idx,True,followed
matrix,time+status+seen [oct2025],from=2025-10-01T00%3A00%3A00Z&to=2025-10-31T23%3A59%3A59Z&status=PENDING&seen=false,adaptive_idx,timeout,,5413.8,0,adaptive_idx,True,followed
matrix,time+type+seen [last30d],from=2026-08-12T14%3A52%3A43Z&to=2026-09-11T14%3A52%3A43Z&type=otp_login&seen=false,adaptive_idx,timeout,,5414.6,0,adaptive_idx,True,followed
matrix,time+type+seen [oct2025],from=2025-10-01T00%3A00%3A00Z&to=2025-10-31T23%3A59%3A59Z&type=otp_login&seen=false,adaptive_idx,timeout,,5410.7,0,adaptive_idx,True,followed
matrix,user_id+app_name+channel,user_id=usr_055270&app_name=ncgrdemo&channel=email,adaptive_idx,timeout,,5401.8,0,adaptive_idx,True,followed
matrix,user_id+app_name+status,user_id=usr_055270&app_name=ncgrdemo&status=PENDING,adaptive_idx,timeout,,5411.7,0,adaptive_idx,True,followed
matrix,user_id+app_name+type,user_id=usr_055270&app_name=ncgrdemo&type=otp_login,adaptive_idx,timeout,,5407.8,0,adaptive_idx,True,followed
matrix,user_id+app_name+seen,user_id=usr_055270&app_name=ncgrdemo&seen=false,adaptive_idx,timeout,,5401.7,0,adaptive_idx,True,followed
matrix,user_id+channel+status,user_id=usr_055270&channel=email&status=PENDING,adaptive_idx,timeout,,5453.1,0,adaptive_idx,True,followed
matrix,user_id+channel+type,user_id=usr_055270&channel=email&type=otp_login,adaptive_idx,timeout,,5436.3,0,adaptive_idx,True,followed
matrix,user_id+channel+seen,user_id=usr_055270&channel=email&seen=false,adaptive_idx,timeout,,5443.8,0,adaptive_idx,True,followed
matrix,user_id+status+type,user_id=usr_055270&status=PENDING&type=otp_login,adaptive_idx,timeout,,5485.7,0,adaptive_idx,True,followed
matrix,user_id+status+seen,user_id=usr_055270&status=PENDING&seen=false,adaptive_idx,ok,11.922544,620.4,32,adaptive_idx,True,followed
matrix,user_id+type+seen,user_id=usr_055270&type=otp_login&seen=false,adaptive_idx,ok,12.972402,618.0,62,adaptive_idx,True,followed
matrix,app_name+channel+status,app_name=ncgrdemo&channel=email&status=PENDING,adaptive_idx,timeout,,5431.7,0,adaptive_idx,True,followed
matrix,app_name+channel+type,app_name=ncgrdemo&channel=email&type=otp_login,adaptive_idx,timeout,,5407.1,0,adaptive_idx,True,followed
matrix,app_name+channel+seen,app_name=ncgrdemo&channel=email&seen=false,adaptive_idx,timeout,,5406.0,0,adaptive_idx,True,followed
matrix,app_name+status+type,app_name=ncgrdemo&status=PENDING&type=otp_login,adaptive_idx,timeout,,5457.2,0,adaptive_idx,True,followed
matrix,app_name+status+seen,app_name=ncgrdemo&status=PENDING&seen=false,adaptive_idx,timeout,,5405.1,0,adaptive_idx,True,followed
matrix,app_name+type+seen,app_name=ncgrdemo&type=otp_login&seen=false,adaptive_idx,timeout,,5406.3,0,adaptive_idx,True,followed
matrix,channel+status+type,channel=email&status=PENDING&type=otp_login,adaptive_idx,timeout,,5410.8,0,adaptive_idx,True,followed
matrix,channel+status+seen,channel=email&status=PENDING&seen=false,adaptive_idx,timeout,,5406.3,0,adaptive_idx,True,followed
matrix,channel+type+seen,channel=email&type=otp_login&seen=false,adaptive_idx,timeout,,5415.8,0,adaptive_idx,True,followed
matrix,status+type+seen,status=PENDING&type=otp_login&seen=false,adaptive_idx,timeout,,5406.3,0,adaptive_idx,True,followed
matrix,time+user_id+app_name+channel [last30d],from=2026-08-12T14%3A52%3A43Z&to=2026-09-11T14%3A52%3A43Z&user_id=usr_055270&app_name=ncgrdemo&channel=email,adaptive_idx,timeout,,5407.2,0,adaptive_idx,True,followed
matrix,time+user_id+app_name+channel [oct2025],from=2025-10-01T00%3A00%3A00Z&to=2025-10-31T23%3A59%3A59Z&user_id=usr_055270&app_name=ncgrdemo&channel=email,adaptive_idx,timeout,,5418.4,0,adaptive_idx,True,followed
matrix,time+user_id+app_name+status [last30d],from=2026-08-12T14%3A52%3A43Z&to=2026-09-11T14%3A52%3A43Z&user_id=usr_055270&app_name=ncgrdemo&status=PENDING,adaptive_idx,timeout,,5415.5,0,adaptive_idx,True,followed
matrix,time+user_id+app_name+status [oct2025],from=2025-10-01T00%3A00%3A00Z&to=2025-10-31T23%3A59%3A59Z&user_id=usr_055270&app_name=ncgrdemo&status=PENDING,adaptive_idx,timeout,,5480.0,0,adaptive_idx,True,followed
matrix,time+user_id+app_name+type [last30d],from=2026-08-12T14%3A52%3A43Z&to=2026-09-11T14%3A52%3A43Z&user_id=usr_055270&app_name=ncgrdemo&type=otp_login,adaptive_idx,timeout,,5472.8,0,adaptive_idx,True,followed
matrix,time+user_id+app_name+type [oct2025],from=2025-10-01T00%3A00%3A00Z&to=2025-10-31T23%3A59%3A59Z&user_id=usr_055270&app_name=ncgrdemo&type=otp_login,adaptive_idx,timeout,,5405.9,0,adaptive_idx,True,followed
matrix,time+user_id+app_name+seen [last30d],from=2026-08-12T14%3A52%3A43Z&to=2026-09-11T14%3A52%3A43Z&user_id=usr_055270&app_name=ncgrdemo&seen=false,adaptive_idx,timeout,,5409.0,0,adaptive_idx,True,followed
matrix,time+user_id+app_name+seen [oct2025],from=2025-10-01T00%3A00%3A00Z&to=2025-10-31T23%3A59%3A59Z&user_id=usr_055270&app_name=ncgrdemo&seen=false,adaptive_idx,timeout,,5411.2,0,adaptive_idx,True,followed
matrix,time+user_id+channel+status [last30d],from=2026-08-12T14%3A52%3A43Z&to=2026-09-11T14%3A52%3A43Z&user_id=usr_055270&channel=email&status=PENDING,adaptive_idx,timeout,,5405.8,0,adaptive_idx,True,followed
matrix,time+user_id+channel+status [oct2025],from=2025-10-01T00%3A00%3A00Z&to=2025-10-31T23%3A59%3A59Z&user_id=usr_055270&channel=email&status=PENDING,adaptive_idx,timeout,,5411.0,0,adaptive_idx,True,followed
matrix,time+user_id+channel+type [last30d],from=2026-08-12T14%3A52%3A43Z&to=2026-09-11T14%3A52%3A43Z&user_id=usr_055270&channel=email&type=otp_login,adaptive_idx,timeout,,5411.2,0,adaptive_idx,True,followed
matrix,time+user_id+channel+type [oct2025],from=2025-10-01T00%3A00%3A00Z&to=2025-10-31T23%3A59%3A59Z&user_id=usr_055270&channel=email&type=otp_login,adaptive_idx,timeout,,5403.9,0,adaptive_idx,True,followed
matrix,time+user_id+channel+seen [last30d],from=2026-08-12T14%3A52%3A43Z&to=2026-09-11T14%3A52%3A43Z&user_id=usr_055270&channel=email&seen=false,adaptive_idx,timeout,,5405.2,0,adaptive_idx,True,followed
matrix,time+user_id+channel+seen [oct2025],from=2025-10-01T00%3A00%3A00Z&to=2025-10-31T23%3A59%3A59Z&user_id=usr_055270&channel=email&seen=false,adaptive_idx,timeout,,5415.8,0,adaptive_idx,True,followed
matrix,time+user_id+status+type [last30d],from=2026-08-12T14%3A52%3A43Z&to=2026-09-11T14%3A52%3A43Z&user_id=usr_055270&status=PENDING&type=otp_login,adaptive_idx,ok,12.500207,457.2,1,adaptive_idx,True,followed
matrix,time+user_id+status+type [oct2025],from=2025-10-01T00%3A00%3A00Z&to=2025-10-31T23%3A59%3A59Z&user_id=usr_055270&status=PENDING&type=otp_login,adaptive_idx,timeout,,5410.9,0,adaptive_idx,True,followed
matrix,time+user_id+status+seen [last30d],from=2026-08-12T14%3A52%3A43Z&to=2026-09-11T14%3A52%3A43Z&user_id=usr_055270&status=PENDING&seen=false,adaptive_idx,timeout,,5403.6,0,adaptive_idx,True,followed
matrix,time+user_id+status+seen [oct2025],from=2025-10-01T00%3A00%3A00Z&to=2025-10-31T23%3A59%3A59Z&user_id=usr_055270&status=PENDING&seen=false,adaptive_idx,timeout,,5406.4,0,adaptive_idx,True,followed
matrix,time+user_id+type+seen [last30d],from=2026-08-12T14%3A52%3A43Z&to=2026-09-11T14%3A52%3A43Z&user_id=usr_055270&type=otp_login&seen=false,adaptive_idx,timeout,,5403.7,0,adaptive_idx,True,followed
matrix,time+user_id+type+seen [oct2025],from=2025-10-01T00%3A00%3A00Z&to=2025-10-31T23%3A59%3A59Z&user_id=usr_055270&type=otp_login&seen=false,adaptive_idx,timeout,,5417.9,0,adaptive_idx,True,followed
matrix,time+app_name+channel+status [last30d],from=2026-08-12T14%3A52%3A43Z&to=2026-09-11T14%3A52%3A43Z&app_name=ncgrdemo&channel=email&status=PENDING,adaptive_idx,timeout,,5410.0,0,adaptive_idx,True,followed
matrix,time+app_name+channel+status [oct2025],from=2025-10-01T00%3A00%3A00Z&to=2025-10-31T23%3A59%3A59Z&app_name=ncgrdemo&channel=email&status=PENDING,adaptive_idx,timeout,,5409.9,0,adaptive_idx,True,followed
matrix,time+app_name+channel+type [last30d],from=2026-08-12T14%3A52%3A43Z&to=2026-09-11T14%3A52%3A43Z&app_name=ncgrdemo&channel=email&type=otp_login,adaptive_idx,timeout,,5425.3,0,adaptive_idx,True,followed
matrix,time+app_name+channel+type [oct2025],from=2025-10-01T00%3A00%3A00Z&to=2025-10-31T23%3A59%3A59Z&app_name=ncgrdemo&channel=email&type=otp_login,adaptive_idx,timeout,,5410.4,0,adaptive_idx,True,followed
matrix,time+app_name+channel+seen [last30d],from=2026-08-12T14%3A52%3A43Z&to=2026-09-11T14%3A52%3A43Z&app_name=ncgrdemo&channel=email&seen=false,adaptive_idx,timeout,,5491.6,0,adaptive_idx,True,followed
matrix,time+app_name+channel+seen [oct2025],from=2025-10-01T00%3A00%3A00Z&to=2025-10-31T23%3A59%3A59Z&app_name=ncgrdemo&channel=email&seen=false,adaptive_idx,timeout,,5412.0,0,adaptive_idx,True,followed
matrix,time+app_name+status+type [last30d],from=2026-08-12T14%3A52%3A43Z&to=2026-09-11T14%3A52%3A43Z&app_name=ncgrdemo&status=PENDING&type=otp_login,adaptive_idx,timeout,,5408.3,0,adaptive_idx,True,followed
matrix,time+app_name+status+type [oct2025],from=2025-10-01T00%3A00%3A00Z&to=2025-10-31T23%3A59%3A59Z&app_name=ncgrdemo&status=PENDING&type=otp_login,adaptive_idx,timeout,,5403.8,0,adaptive_idx,True,followed
matrix,time+app_name+status+seen [last30d],from=2026-08-12T14%3A52%3A43Z&to=2026-09-11T14%3A52%3A43Z&app_name=ncgrdemo&status=PENDING&seen=false,adaptive_idx,timeout,,5405.3,0,adaptive_idx,True,followed
matrix,time+app_name+status+seen [oct2025],from=2025-10-01T00%3A00%3A00Z&to=2025-10-31T23%3A59%3A59Z&app_name=ncgrdemo&status=PENDING&seen=false,adaptive_idx,timeout,,5415.0,0,adaptive_idx,True,followed
matrix,time+app_name+type+seen [last30d],from=2026-08-12T14%3A52%3A43Z&to=2026-09-11T14%3A52%3A43Z&app_name=ncgrdemo&type=otp_login&seen=false,adaptive_idx,timeout,,5406.8,0,adaptive_idx,True,followed
matrix,time+app_name+type+seen [oct2025],from=2025-10-01T00%3A00%3A00Z&to=2025-10-31T23%3A59%3A59Z&app_name=ncgrdemo&type=otp_login&seen=false,adaptive_idx,timeout,,5407.3,0,adaptive_idx,True,followed
matrix,time+channel+status+type [last30d],from=2026-08-12T14%3A52%3A43Z&to=2026-09-11T14%3A52%3A43Z&channel=email&status=PENDING&type=otp_login,adaptive_idx,timeout,,5406.2,0,adaptive_idx,True,followed
matrix,time+channel+status+type [oct2025],from=2025-10-01T00%3A00%3A00Z&to=2025-10-31T23%3A59%3A59Z&channel=email&status=PENDING&type=otp_login,adaptive_idx,timeout,,5411.2,0,adaptive_idx,True,followed
matrix,time+channel+status+seen [last30d],from=2026-08-12T14%3A52%3A43Z&to=2026-09-11T14%3A52%3A43Z&channel=email&status=PENDING&seen=false,adaptive_idx,timeout,,5418.2,0,adaptive_idx,True,followed
matrix,time+channel+status+seen [oct2025],from=2025-10-01T00%3A00%3A00Z&to=2025-10-31T23%3A59%3A59Z&channel=email&status=PENDING&seen=false,adaptive_idx,timeout,,5412.8,0,adaptive_idx,True,followed
matrix,time+channel+type+seen [last30d],from=2026-08-12T14%3A52%3A43Z&to=2026-09-11T14%3A52%3A43Z&channel=email&type=otp_login&seen=false,adaptive_idx,timeout,,5416.8,0,adaptive_idx,True,followed
matrix,time+channel+type+seen [oct2025],from=2025-10-01T00%3A00%3A00Z&to=2025-10-31T23%3A59%3A59Z&channel=email&type=otp_login&seen=false,adaptive_idx,timeout,,5413.4,0,adaptive_idx,True,followed
matrix,time+status+type+seen [last30d],from=2026-08-12T14%3A52%3A43Z&to=2026-09-11T14%3A52%3A43Z&status=PENDING&type=otp_login&seen=false,adaptive_idx,timeout,,5435.1,0,adaptive_idx,True,followed
matrix,time+status+type+seen [oct2025],from=2025-10-01T00%3A00%3A00Z&to=2025-10-31T23%3A59%3A59Z&status=PENDING&type=otp_login&seen=false,adaptive_idx,timeout,,5405.5,0,adaptive_idx,True,followed
matrix,user_id+app_name+channel+status,user_id=usr_055270&app_name=ncgrdemo&channel=email&status=PENDING,adaptive_idx,timeout,,5412.5,0,adaptive_idx,True,followed
matrix,user_id+app_name+channel+type,user_id=usr_055270&app_name=ncgrdemo&channel=email&type=otp_login,adaptive_idx,timeout,,5407.6,0,adaptive_idx,True,followed
matrix,user_id+app_name+channel+seen,user_id=usr_055270&app_name=ncgrdemo&channel=email&seen=false,adaptive_idx,timeout,,5424.6,0,adaptive_idx,True,followed
matrix,user_id+app_name+status+type,user_id=usr_055270&app_name=ncgrdemo&status=PENDING&type=otp_login,adaptive_idx,timeout,,5422.1,0,adaptive_idx,True,followed
matrix,user_id+app_name+status+seen,user_id=usr_055270&app_name=ncgrdemo&status=PENDING&seen=false,adaptive_idx,timeout,,5402.3,0,adaptive_idx,True,followed
matrix,user_id+app_name+type+seen,user_id=usr_055270&app_name=ncgrdemo&type=otp_login&seen=false,adaptive_idx,ok,11.401461,438.8,9,adaptive_idx,True,followed
matrix,user_id+channel+status+type,user_id=usr_055270&channel=email&status=PENDING&type=otp_login,adaptive_idx,timeout,,5405.6,0,adaptive_idx,True,followed
matrix,user_id+channel+status+seen,user_id=usr_055270&channel=email&status=PENDING&seen=false,adaptive_idx,timeout,,5449.0,0,adaptive_idx,True,followed
matrix,user_id+channel+type+seen,user_id=usr_055270&channel=email&type=otp_login&seen=false,adaptive_idx,timeout,,5454.2,0,adaptive_idx,True,followed
matrix,user_id+status+type+seen,user_id=usr_055270&status=PENDING&type=otp_login&seen=false,adaptive_idx,timeout,,5403.6,0,adaptive_idx,True,followed
matrix,app_name+channel+status+type,app_name=ncgrdemo&channel=email&status=PENDING&type=otp_login,adaptive_idx,timeout,,5454.7,0,adaptive_idx,True,followed
matrix,app_name+channel+status+seen,app_name=ncgrdemo&channel=email&status=PENDING&seen=false,adaptive_idx,timeout,,5410.0,0,adaptive_idx,True,followed
matrix,app_name+channel+type+seen,app_name=ncgrdemo&channel=email&type=otp_login&seen=false,adaptive_idx,timeout,,5414.0,0,adaptive_idx,True,followed
matrix,app_name+status+type+seen,app_name=ncgrdemo&status=PENDING&type=otp_login&seen=false,adaptive_idx,timeout,,5409.7,0,adaptive_idx,True,followed
matrix,channel+status+type+seen,channel=email&status=PENDING&type=otp_login&seen=false,adaptive_idx,timeout,,5497.4,0,adaptive_idx,True,followed
matrix,time+user_id+app_name+channel+status [last30d],from=2026-08-12T14%3A52%3A43Z&to=2026-09-11T14%3A52%3A43Z&user_id=usr_055270&app_name=ncgrdemo&channel=email&status=PENDING,adaptive_idx,timeout,,5409.2,0,adaptive_idx,True,followed
matrix,time+user_id+app_name+channel+status [oct2025],from=2025-10-01T00%3A00%3A00Z&to=2025-10-31T23%3A59%3A59Z&user_id=usr_055270&app_name=ncgrdemo&channel=email&status=PENDING,adaptive_idx,timeout,,5404.5,0,adaptive_idx,True,followed
matrix,time+user_id+app_name+channel+type [last30d],from=2026-08-12T14%3A52%3A43Z&to=2026-09-11T14%3A52%3A43Z&user_id=usr_055270&app_name=ncgrdemo&channel=email&type=otp_login,adaptive_idx,timeout,,5406.3,0,adaptive_idx,True,followed
matrix,time+user_id+app_name+channel+type [oct2025],from=2025-10-01T00%3A00%3A00Z&to=2025-10-31T23%3A59%3A59Z&user_id=usr_055270&app_name=ncgrdemo&channel=email&type=otp_login,adaptive_idx,timeout,,5409.8,0,adaptive_idx,True,followed
matrix,time+user_id+app_name+channel+seen [last30d],from=2026-08-12T14%3A52%3A43Z&to=2026-09-11T14%3A52%3A43Z&user_id=usr_055270&app_name=ncgrdemo&channel=email&seen=false,adaptive_idx,timeout,,5483.6,0,adaptive_idx,True,followed
matrix,time+user_id+app_name+channel+seen [oct2025],from=2025-10-01T00%3A00%3A00Z&to=2025-10-31T23%3A59%3A59Z&user_id=usr_055270&app_name=ncgrdemo&channel=email&seen=false,adaptive_idx,timeout,,5405.6,0,adaptive_idx,True,followed
matrix,time+user_id+app_name+status+type [last30d],from=2026-08-12T14%3A52%3A43Z&to=2026-09-11T14%3A52%3A43Z&user_id=usr_055270&app_name=ncgrdemo&status=PENDING&type=otp_login,adaptive_idx,timeout,,5410.3,0,adaptive_idx,True,followed
matrix,time+user_id+app_name+status+type [oct2025],from=2025-10-01T00%3A00%3A00Z&to=2025-10-31T23%3A59%3A59Z&user_id=usr_055270&app_name=ncgrdemo&status=PENDING&type=otp_login,adaptive_idx,timeout,,5410.4,0,adaptive_idx,True,followed
matrix,time+user_id+app_name+status+seen [last30d],from=2026-08-12T14%3A52%3A43Z&to=2026-09-11T14%3A52%3A43Z&user_id=usr_055270&app_name=ncgrdemo&status=PENDING&seen=false,adaptive_idx,timeout,,5420.7,0,adaptive_idx,True,followed
matrix,time+user_id+app_name+status+seen [oct2025],from=2025-10-01T00%3A00%3A00Z&to=2025-10-31T23%3A59%3A59Z&user_id=usr_055270&app_name=ncgrdemo&status=PENDING&seen=false,adaptive_idx,timeout,,5411.9,0,adaptive_idx,True,followed
matrix,time+user_id+app_name+type+seen [last30d],from=2026-08-12T14%3A52%3A43Z&to=2026-09-11T14%3A52%3A43Z&user_id=usr_055270&app_name=ncgrdemo&type=otp_login&seen=false,adaptive_idx,timeout,,5408.5,0,adaptive_idx,True,followed
matrix,time+user_id+app_name+type+seen [oct2025],from=2025-10-01T00%3A00%3A00Z&to=2025-10-31T23%3A59%3A59Z&user_id=usr_055270&app_name=ncgrdemo&type=otp_login&seen=false,adaptive_idx,ok,13.389928,414.7,0,adaptive_idx,True,followed
matrix,time+user_id+channel+status+type [last30d],from=2026-08-12T14%3A52%3A43Z&to=2026-09-11T14%3A52%3A43Z&user_id=usr_055270&channel=email&status=PENDING&type=otp_login,adaptive_idx,timeout,,5413.4,0,adaptive_idx,True,followed
matrix,time+user_id+channel+status+type [oct2025],from=2025-10-01T00%3A00%3A00Z&to=2025-10-31T23%3A59%3A59Z&user_id=usr_055270&channel=email&status=PENDING&type=otp_login,adaptive_idx,ok,12.870962,419.7,0,adaptive_idx,True,followed
matrix,time+user_id+channel+status+seen [last30d],from=2026-08-12T14%3A52%3A43Z&to=2026-09-11T14%3A52%3A43Z&user_id=usr_055270&channel=email&status=PENDING&seen=false,adaptive_idx,timeout,,5408.4,0,adaptive_idx,True,followed
matrix,time+user_id+channel+status+seen [oct2025],from=2025-10-01T00%3A00%3A00Z&to=2025-10-31T23%3A59%3A59Z&user_id=usr_055270&channel=email&status=PENDING&seen=false,adaptive_idx,timeout,,5407.5,0,adaptive_idx,True,followed
matrix,time+user_id+channel+type+seen [last30d],from=2026-08-12T14%3A52%3A43Z&to=2026-09-11T14%3A52%3A43Z&user_id=usr_055270&channel=email&type=otp_login&seen=false,adaptive_idx,timeout,,5504.7,0,adaptive_idx,True,followed
matrix,time+user_id+channel+type+seen [oct2025],from=2025-10-01T00%3A00%3A00Z&to=2025-10-31T23%3A59%3A59Z&user_id=usr_055270&channel=email&type=otp_login&seen=false,adaptive_idx,timeout,,5434.2,0,adaptive_idx,True,followed
matrix,time+user_id+status+type+seen [last30d],from=2026-08-12T14%3A52%3A43Z&to=2026-09-11T14%3A52%3A43Z&user_id=usr_055270&status=PENDING&type=otp_login&seen=false,adaptive_idx,timeout,,5438.4,0,adaptive_idx,True,followed
matrix,time+user_id+status+type+seen [oct2025],from=2025-10-01T00%3A00%3A00Z&to=2025-10-31T23%3A59%3A59Z&user_id=usr_055270&status=PENDING&type=otp_login&seen=false,adaptive_idx,timeout,,5405.4,0,adaptive_idx,True,followed
matrix,time+app_name+channel+status+type [last30d],from=2026-08-12T14%3A52%3A43Z&to=2026-09-11T14%3A52%3A43Z&app_name=ncgrdemo&channel=email&status=PENDING&type=otp_login,adaptive_idx,timeout,,5404.3,0,adaptive_idx,True,followed
matrix,time+app_name+channel+status+type [oct2025],from=2025-10-01T00%3A00%3A00Z&to=2025-10-31T23%3A59%3A59Z&app_name=ncgrdemo&channel=email&status=PENDING&type=otp_login,adaptive_idx,timeout,,5455.8,0,adaptive_idx,True,followed
matrix,time+app_name+channel+status+seen [last30d],from=2026-08-12T14%3A52%3A43Z&to=2026-09-11T14%3A52%3A43Z&app_name=ncgrdemo&channel=email&status=PENDING&seen=false,adaptive_idx,timeout,,5405.1,0,adaptive_idx,True,followed
matrix,time+app_name+channel+status+seen [oct2025],from=2025-10-01T00%3A00%3A00Z&to=2025-10-31T23%3A59%3A59Z&app_name=ncgrdemo&channel=email&status=PENDING&seen=false,adaptive_idx,timeout,,5409.6,0,adaptive_idx,True,followed
matrix,time+app_name+channel+type+seen [last30d],from=2026-08-12T14%3A52%3A43Z&to=2026-09-11T14%3A52%3A43Z&app_name=ncgrdemo&channel=email&type=otp_login&seen=false,adaptive_idx,timeout,,5421.2,0,adaptive_idx,True,followed
matrix,time+app_name+channel+type+seen [oct2025],from=2025-10-01T00%3A00%3A00Z&to=2025-10-31T23%3A59%3A59Z&app_name=ncgrdemo&channel=email&type=otp_login&seen=false,adaptive_idx,timeout,,5407.7,0,adaptive_idx,True,followed
matrix,time+app_name+status+type+seen [last30d],from=2026-08-12T14%3A52%3A43Z&to=2026-09-11T14%3A52%3A43Z&app_name=ncgrdemo&status=PENDING&type=otp_login&seen=false,adaptive_idx,timeout,,5407.8,0,adaptive_idx,True,followed
matrix,time+app_name+status+type+seen [oct2025],from=2025-10-01T00%3A00%3A00Z&to=2025-10-31T23%3A59%3A59Z&app_name=ncgrdemo&status=PENDING&type=otp_login&seen=false,adaptive_idx,timeout,,5409.6,0,adaptive_idx,True,followed
matrix,time+channel+status+type+seen [last30d],from=2026-08-12T14%3A52%3A43Z&to=2026-09-11T14%3A52%3A43Z&channel=email&status=PENDING&type=otp_login&seen=false,adaptive_idx,timeout,,5409.5,0,adaptive_idx,True,followed
matrix,time+channel+status+type+seen [oct2025],from=2025-10-01T00%3A00%3A00Z&to=2025-10-31T23%3A59%3A59Z&channel=email&status=PENDING&type=otp_login&seen=false,adaptive_idx,timeout,,5406.0,0,adaptive_idx,True,followed
matrix,user_id+app_name+channel+status+type,user_id=usr_055270&app_name=ncgrdemo&channel=email&status=PENDING&type=otp_login,adaptive_idx,timeout,,5402.8,0,adaptive_idx,True,followed
matrix,user_id+app_name+channel+status+seen,user_id=usr_055270&app_name=ncgrdemo&channel=email&status=PENDING&seen=false,adaptive_idx,timeout,,5412.1,0,adaptive_idx,True,followed
matrix,user_id+app_name+channel+type+seen,user_id=usr_055270&app_name=ncgrdemo&channel=email&type=otp_login&seen=false,adaptive_idx,timeout,,5409.8,0,adaptive_idx,True,followed
matrix,user_id+app_name+status+type+seen,user_id=usr_055270&app_name=ncgrdemo&status=PENDING&type=otp_login&seen=false,adaptive_idx,timeout,,5404.7,0,adaptive_idx,True,followed
matrix,user_id+channel+status+type+seen,user_id=usr_055270&channel=email&status=PENDING&type=otp_login&seen=false,adaptive_idx,timeout,,5402.9,0,adaptive_idx,True,followed
matrix,app_name+channel+status+type+seen,app_name=ncgrdemo&channel=email&status=PENDING&type=otp_login&seen=false,adaptive_idx,timeout,,5406.6,0,adaptive_idx,True,followed
matrix,time+user_id+app_name+channel+status+type [last30d],from=2026-08-12T14%3A52%3A43Z&to=2026-09-11T14%3A52%3A43Z&user_id=usr_055270&app_name=ncgrdemo&channel=email&status=PENDING&type=otp_login,adaptive_idx,timeout,,5417.0,0,adaptive_idx,True,followed
matrix,time+user_id+app_name+channel+status+type [oct2025],from=2025-10-01T00%3A00%3A00Z&to=2025-10-31T23%3A59%3A59Z&user_id=usr_055270&app_name=ncgrdemo&channel=email&status=PENDING&type=otp_login,adaptive_idx,timeout,,5457.3,0,adaptive_idx,True,followed
matrix,time+user_id+app_name+channel+status+seen [last30d],from=2026-08-12T14%3A52%3A43Z&to=2026-09-11T14%3A52%3A43Z&user_id=usr_055270&app_name=ncgrdemo&channel=email&status=PENDING&seen=false,adaptive_idx,timeout,,5418.2,0,adaptive_idx,True,followed
matrix,time+user_id+app_name+channel+status+seen [oct2025],from=2025-10-01T00%3A00%3A00Z&to=2025-10-31T23%3A59%3A59Z&user_id=usr_055270&app_name=ncgrdemo&channel=email&status=PENDING&seen=false,adaptive_idx,timeout,,5421.5,0,adaptive_idx,True,followed
matrix,time+user_id+app_name+channel+type+seen [last30d],from=2026-08-12T14%3A52%3A43Z&to=2026-09-11T14%3A52%3A43Z&user_id=usr_055270&app_name=ncgrdemo&channel=email&type=otp_login&seen=false,adaptive_idx,timeout,,5418.5,0,adaptive_idx,True,followed
matrix,time+user_id+app_name+channel+type+seen [oct2025],from=2025-10-01T00%3A00%3A00Z&to=2025-10-31T23%3A59%3A59Z&user_id=usr_055270&app_name=ncgrdemo&channel=email&type=otp_login&seen=false,adaptive_idx,timeout,,5415.3,0,adaptive_idx,True,followed
matrix,time+user_id+app_name+status+type+seen [last30d],from=2026-08-12T14%3A52%3A43Z&to=2026-09-11T14%3A52%3A43Z&user_id=usr_055270&app_name=ncgrdemo&status=PENDING&type=otp_login&seen=false,adaptive_idx,error:Error performing bulk get operation  - cause: Unable to comp,,5411.0,0,adaptive_idx,True,followed
matrix,time+user_id+app_name+status+type+seen [oct2025],from=2025-10-01T00%3A00%3A00Z&to=2025-10-31T23%3A59%3A59Z&user_id=usr_055270&app_name=ncgrdemo&status=PENDING&type=otp_login&seen=false,adaptive_idx,timeout,,5410.0,0,adaptive_idx,True,followed
matrix,time+user_id+channel+status+type+seen [last30d],from=2026-08-12T14%3A52%3A43Z&to=2026-09-11T14%3A52%3A43Z&user_id=usr_055270&channel=email&status=PENDING&type=otp_login&seen=false,adaptive_idx,timeout,,5407.6,0,adaptive_idx,True,followed
matrix,time+user_id+channel+status+type+seen [oct2025],from=2025-10-01T00%3A00%3A00Z&to=2025-10-31T23%3A59%3A59Z&user_id=usr_055270&channel=email&status=PENDING&type=otp_login&seen=false,adaptive_idx,timeout,,5410.2,0,adaptive_idx,True,followed
matrix,time+app_name+channel+status+type+seen [last30d],from=2026-08-12T14%3A52%3A43Z&to=2026-09-11T14%3A52%3A43Z&app_name=ncgrdemo&channel=email&status=PENDING&type=otp_login&seen=false,adaptive_idx,timeout,,5410.4,0,adaptive_idx,True,followed
matrix,time+app_name+channel+status+type+seen [oct2025],from=2025-10-01T00%3A00%3A00Z&to=2025-10-31T23%3A59%3A59Z&app_name=ncgrdemo&channel=email&status=PENDING&type=otp_login&seen=false,adaptive_idx,timeout,,5406.5,0,adaptive_idx,True,followed
matrix,user_id+app_name+channel+status+type+seen,user_id=usr_055270&app_name=ncgrdemo&channel=email&status=PENDING&type=otp_login&seen=false,adaptive_idx,timeout,,5403.8,0,adaptive_idx,True,followed
matrix,time+user_id+app_name+channel+status+type+seen [last30d],from=2026-08-12T14%3A52%3A43Z&to=2026-09-11T14%3A52%3A43Z&user_id=usr_055270&app_name=ncgrdemo&channel=email&status=PENDING&type=otp_login&seen=false,adaptive_idx,timeout,,5423.0,0,adaptive_idx,True,followed
matrix,time+user_id+app_name+channel+status+type+seen [oct2025],from=2025-10-01T00%3A00%3A00Z&to=2025-10-31T23%3A59%3A59Z&user_id=usr_055270&app_name=ncgrdemo&channel=email&status=PENDING&type=otp_login&seen=false,adaptive_idx,timeout,,5415.4,0,adaptive_idx,True,followed
