phase,filters,query_string,gsi_outcome,gsi_server_ms,gsi_wall_ms,fts_outcome,fts_server_ms,fts_wall_ms,fts_total_hits,rows_gsi,rows_fts,winner,diagnosis
sweep,channel=email,channel=email,ok,6.683,827.0,ok,1947.306,2775.1,177177065,100,100,GSI 291x,
sweep,channel=sms,channel=sms,ok,5.611,811.6,ok,1640.444,2432.4,151550554,100,100,GSI 292x,
sweep,channel=push,channel=push,ok,5.394,825.7,ok,2032.799,2850.5,194008498,100,100,GSI 377x,
sweep,channel=cblite,channel=cblite,ok,2.468,427.7,ok,5.403,409.8,5,5,5,GSI 2x,
sweep,status=PENDING,status=PENDING,ok,4.908,830.1,ok,497.874,1288.0,24962764,100,100,GSI 101x,
sweep,status=DELIVERED,status=DELIVERED,ok,4.942,835.8,ok,4439.746,5311.3,446000065,100,100,GSI 898x,
sweep,status=FAILED,status=FAILED,ok,6.13,799.1,ok,722.643,1546.8,51773293,100,100,GSI 118x,
sweep,app_name=ncgrdemo,app_name=ncgrdemo,ok,7.392,807.5,ok,1087.075,1967.3,87154904,100,100,GSI 147x,
sweep,app_name=portal,app_name=portal,ok,5.679,817.5,ok,1110.439,1908.3,87102342,100,100,GSI 196x,
sweep,app_name=hr_self_service,app_name=hr_self_service,ok,5.221,799.4,ok,1099.416,1917.3,87130918,100,100,GSI 211x,
sweep,app_name=procurement,app_name=procurement,ok,5.161,803.3,ok,1052.084,1863.3,87127908,100,100,GSI 204x,
sweep,app_name=payroll,app_name=payroll,ok,6.01,820.1,ok,1043.658,1869.2,87080089,100,100,GSI 174x,
sweep,app_name=licensing,app_name=licensing,ok,6.285,821.4,ok,1066.568,2008.9,87139961,100,100,GSI 170x,
sweep,seen=true,seen=true,ok,4.819,925.3,ok,1960.028,2872.8,191258613,100,100,GSI 407x,
sweep,seen=false,seen=false,ok,6.528,837.5,ok,3390.102,4215.7,331477509,100,100,GSI 519x,
sweep,time=last30d,from=2026-08-22T17%3A34%3A30Z&to=2026-09-21T17%3A34%3A30Z,ok,6.871,815.1,ok,1059.393,1882.6,26532585,100,100,GSI 154x,
sweep,time=oct2025,from=2025-10-01T00%3A00%3A00Z&to=2025-10-31T23%3A59%3A59Z,ok,19.581,833.6,ok,1538.084,2349.7,42469305,100,100,GSI 79x,
matrix,time [last30d],from=2026-08-22T17%3A34%3A30Z&to=2026-09-21T17%3A34%3A30Z,ok,5.48,822.5,ok,633.317,1424.2,26532585,100,100,GSI 116x,
matrix,time [oct2025],from=2025-10-01T00%3A00%3A00Z&to=2025-10-31T23%3A59%3A59Z,ok,7.103,821.2,ok,964.367,1801.2,42469305,100,100,GSI 136x,
matrix,user_id,user_id=usr_055270,ok,29.129,825.0,ok,143.058,958.4,771,100,100,GSI 5x,
matrix,app_name,app_name=ncgrdemo,ok,5.887,817.9,ok,1059.366,1861.9,87154904,100,100,GSI 180x,
matrix,channel,channel=email,ok,5.36,831.6,ok,1936.933,2901.8,177177065,100,100,GSI 361x,
matrix,status,status=PENDING,ok,5.576,803.3,ok,501.943,1572.1,24962764,100,100,GSI 90x,
matrix,seen,seen=false,ok,5.351,818.9,ok,3198.696,4002.5,331477509,100,100,GSI 598x,
matrix,time+user_id [last30d],from=2026-08-22T17%3A34%3A30Z&to=2026-09-21T17%3A34%3A30Z&user_id=usr_055270,ok,8.641,820.1,ok,50.21,866.1,251,100,100,GSI 6x,
matrix,time+user_id [oct2025],from=2025-10-01T00%3A00%3A00Z&to=2025-10-31T23%3A59%3A59Z&user_id=usr_055270,ok,10.805,623.3,ok,58.33,664.5,31,31,31,GSI 5x,
matrix,time+app_name [last30d],from=2026-08-22T17%3A34%3A30Z&to=2026-09-21T17%3A34%3A30Z&app_name=ncgrdemo,ok,7.372,835.4,ok,441.797,1246.2,4425904,100,100,GSI 60x,
matrix,time+app_name [oct2025],from=2025-10-01T00%3A00%3A00Z&to=2025-10-31T23%3A59%3A59Z&app_name=ncgrdemo,ok,21.042,826.2,ok,862,1678.7,7085876,100,100,GSI 41x,
matrix,time+channel [last30d],from=2026-08-22T17%3A34%3A30Z&to=2026-09-21T17%3A34%3A30Z&channel=email,ok,7.253,827.7,ok,602.04,1515.7,9688658,100,100,GSI 83x,
matrix,time+channel [oct2025],from=2025-10-01T00%3A00%3A00Z&to=2025-10-31T23%3A59%3A59Z&channel=email,ok,10.56,827.1,ok,1039.139,1863.6,14335814,100,100,GSI 98x,
matrix,time+status [last30d],from=2026-08-22T17%3A34%3A30Z&to=2026-09-21T17%3A34%3A30Z&status=PENDING,ok,6.924,833.5,ok,234.023,1026.8,190614,100,100,GSI 34x,
matrix,time+status [oct2025],from=2025-10-01T00%3A00%3A00Z&to=2025-10-31T23%3A59%3A59Z&status=PENDING,ok,22.5,842.3,ok,652.11,1466.5,2122222,100,100,GSI 29x,
matrix,time+seen [last30d],from=2026-08-22T17%3A34%3A30Z&to=2026-09-21T17%3A34%3A30Z&seen=false,ok,7.779,836.4,ok,810.169,1638.1,25080157,100,100,GSI 104x,
matrix,time+seen [oct2025],from=2025-10-01T00%3A00%3A00Z&to=2025-10-31T23%3A59%3A59Z&seen=false,ok,8.953,807.5,ok,1243.137,2057.3,26221667,100,100,GSI 139x,
matrix,user_id+app_name,user_id=usr_055270&app_name=ncgrdemo,ok,18.305,834.8,ok,78.303,873.9,104,100,100,GSI 4x,
matrix,user_id+channel,user_id=usr_055270&channel=email,ok,10.494,810.5,ok,117.972,922.0,280,100,100,GSI 11x,
matrix,user_id+status,user_id=usr_055270&status=PENDING,ok,16.262,636.0,ok,42.6,651.4,32,32,32,GSI 3x,
matrix,user_id+seen,user_id=usr_055270&seen=false,ok,6.845,817.3,ok,163.925,972.7,584,100,100,GSI 24x,
matrix,app_name+channel,app_name=ncgrdemo&channel=email,timeout,,5208.4,ok,720.353,1605.2,29542976,0,100,FTS,GSI slow: matching rows sit deep in sort_key order (post-filter walk)
matrix,app_name+status,app_name=ncgrdemo&status=PENDING,ok,21.852,835.2,ok,305.176,1200.3,4162286,100,100,GSI 14x,
matrix,app_name+seen,app_name=ncgrdemo&seen=false,timeout,,5213.2,ok,1018.394,1821.7,55268407,0,100,FTS,GSI slow: matching rows sit deep in sort_key order (post-filter walk)
matrix,channel+status,channel=email&status=PENDING,ok,15.319,816.8,ok,429.636,1267.0,8428866,100,100,GSI 28x,
matrix,channel+seen,channel=email&seen=false,ok,6.595,834.4,ok,1687.648,2508.0,112620602,100,100,GSI 256x,
matrix,status+seen,status=PENDING&seen=false,ok,6.641,829.2,ok,672.158,1560.8,24962764,100,100,GSI 101x,
matrix,time+user_id+app_name [last30d],from=2026-08-22T17%3A34%3A30Z&to=2026-09-21T17%3A34%3A30Z&user_id=usr_055270&app_name=ncgrdemo,ok,4.682,618.7,ok,28.879,643.9,25,25,25,GSI 6x,
matrix,time+user_id+app_name [oct2025],from=2025-10-01T00%3A00%3A00Z&to=2025-10-31T23%3A59%3A59Z&user_id=usr_055270&app_name=ncgrdemo,ok,2.347,413.7,ok,46.239,461.5,8,8,8,GSI 20x,
matrix,time+user_id+channel [last30d],from=2026-08-22T17%3A34%3A30Z&to=2026-09-21T17%3A34%3A30Z&user_id=usr_055270&channel=email,ok,6.372,827.7,ok,64.244,900.1,96,96,96,GSI 10x,
matrix,time+user_id+channel [oct2025],from=2025-10-01T00%3A00%3A00Z&to=2025-10-31T23%3A59%3A59Z&user_id=usr_055270&channel=email,ok,2.383,406.7,ok,74.68,486.6,13,13,13,GSI 31x,
matrix,time+user_id+status [last30d],from=2026-08-22T17%3A34%3A30Z&to=2026-09-21T17%3A34%3A30Z&user_id=usr_055270&status=PENDING,ok,3.23,410.4,ok,11.472,411.3,0,0,0,GSI 4x,
matrix,time+user_id+status [oct2025],from=2025-10-01T00%3A00%3A00Z&to=2025-10-31T23%3A59%3A59Z&user_id=usr_055270&status=PENDING,ok,2.173,404.6,ok,19.019,435.3,3,3,3,GSI 9x,
matrix,time+user_id+seen [last30d],from=2026-08-22T17%3A34%3A30Z&to=2026-09-21T17%3A34%3A30Z&user_id=usr_055270&seen=false,ok,6.742,825.9,ok,56.524,849.5,247,100,100,GSI 8x,
matrix,time+user_id+seen [oct2025],from=2025-10-01T00%3A00%3A00Z&to=2025-10-31T23%3A59%3A59Z&user_id=usr_055270&seen=false,ok,2.819,644.4,ok,85.95,693.4,20,20,20,GSI 30x,
matrix,time+app_name+channel [last30d],from=2026-08-22T17%3A34%3A30Z&to=2026-09-21T17%3A34%3A30Z&app_name=ncgrdemo&channel=email,ok,8.548,805.9,ok,466.344,1276.2,1616423,100,100,GSI 55x,
matrix,time+app_name+channel [oct2025],from=2025-10-01T00%3A00%3A00Z&to=2025-10-31T23%3A59%3A59Z&app_name=ncgrdemo&channel=email,ok,16.386,820.1,ok,931.348,1738.1,2392101,100,100,GSI 57x,
matrix,time+app_name+status [last30d],from=2026-08-22T17%3A34%3A30Z&to=2026-09-21T17%3A34%3A30Z&app_name=ncgrdemo&status=PENDING,ok,7.713,820.3,ok,253.371,1168.2,31754,100,100,GSI 33x,
matrix,time+app_name+status [oct2025],from=2025-10-01T00%3A00%3A00Z&to=2025-10-31T23%3A59%3A59Z&app_name=ncgrdemo&status=PENDING,ok,21.071,831.6,ok,632.942,1451.5,355000,100,100,GSI 30x,
matrix,time+app_name+seen [last30d],from=2026-08-22T17%3A34%3A30Z&to=2026-09-21T17%3A34%3A30Z&app_name=ncgrdemo&seen=false,ok,8.178,820.7,ok,569.364,1375.7,4183171,100,100,GSI 70x,
matrix,time+app_name+seen [oct2025],from=2025-10-01T00%3A00%3A00Z&to=2025-10-31T23%3A59%3A59Z&app_name=ncgrdemo&seen=false,ok,9.871,824.5,ok,1007.185,1811.2,4375057,100,100,GSI 102x,
matrix,time+channel+status [last30d],from=2026-08-22T17%3A34%3A30Z&to=2026-09-21T17%3A34%3A30Z&channel=email&status=PENDING,ok,7.126,805.4,ok,283.666,1093.9,64185,100,100,GSI 40x,
matrix,time+channel+status [oct2025],from=2025-10-01T00%3A00%3A00Z&to=2025-10-31T23%3A59%3A59Z&channel=email&status=PENDING,ok,12.985,840.7,ok,687.965,1508.3,715875,100,100,GSI 53x,
matrix,time+channel+seen [last30d],from=2026-08-22T17%3A34%3A30Z&to=2026-09-21T17%3A34%3A30Z&channel=email&seen=false,ok,7.372,821.3,ok,779.149,1607.2,9198347,100,100,GSI 106x,
matrix,time+channel+seen [oct2025],from=2025-10-01T00%3A00%3A00Z&to=2025-10-31T23%3A59%3A59Z&channel=email&seen=false,ok,12.114,834.8,ok,1189.251,2007.4,8850135,100,100,GSI 98x,
matrix,time+status+seen [last30d],from=2026-08-22T17%3A34%3A30Z&to=2026-09-21T17%3A34%3A30Z&status=PENDING&seen=false,ok,6.681,800.3,ok,338.213,1150.9,190614,100,100,GSI 51x,
matrix,time+status+seen [oct2025],from=2025-10-01T00%3A00%3A00Z&to=2025-10-31T23%3A59%3A59Z&status=PENDING&seen=false,ok,4.865,814.0,ok,785.937,1640.0,2122222,100,100,GSI 162x,
matrix,user_id+app_name+channel,user_id=usr_055270&app_name=ncgrdemo&channel=email,ok,9.538,618.3,ok,55.921,672.5,37,37,37,GSI 6x,
matrix,user_id+app_name+status,user_id=usr_055270&app_name=ncgrdemo&status=PENDING,ok,5.117,421.7,ok,23.98,424.5,10,10,10,GSI 5x,
matrix,user_id+app_name+seen,user_id=usr_055270&app_name=ncgrdemo&seen=false,ok,8.29,815.7,ok,122.981,941.2,82,82,82,GSI 15x,
matrix,user_id+channel+status,user_id=usr_055270&channel=email&status=PENDING,ok,4.77,415.9,ok,53.865,461.6,12,12,12,GSI 11x,
matrix,user_id+channel+seen,user_id=usr_055270&channel=email&seen=false,ok,7.978,821.4,ok,171.11,978.2,212,100,100,GSI 21x,
matrix,user_id+status+seen,user_id=usr_055270&status=PENDING&seen=false,ok,6.507,615.4,ok,68.832,682.8,32,32,32,GSI 11x,
matrix,app_name+channel+status,app_name=ncgrdemo&channel=email&status=PENDING,ok,18.962,831.3,ok,324.028,1124.6,1404907,100,100,GSI 17x,
matrix,app_name+channel+seen,app_name=ncgrdemo&channel=email&seen=false,timeout,,5210.8,ok,752.141,1560.6,18778119,0,100,FTS,GSI slow: matching rows sit deep in sort_key order (post-filter walk)
matrix,app_name+status+seen,app_name=ncgrdemo&status=PENDING&seen=false,ok,8.132,814.3,ok,432.568,1250.6,4162286,100,100,GSI 53x,
matrix,channel+status+seen,channel=email&status=PENDING&seen=false,ok,7.038,840.0,ok,561.432,1375.7,8428866,100,100,GSI 80x,
matrix,time+user_id+app_name+channel [last30d],from=2026-08-22T17%3A34%3A30Z&to=2026-09-21T17%3A34%3A30Z&user_id=usr_055270&app_name=ncgrdemo&channel=email,ok,5.469,416.4,ok,23.075,427.1,9,9,9,GSI 4x,
matrix,time+user_id+app_name+channel [oct2025],from=2025-10-01T00%3A00%3A00Z&to=2025-10-31T23%3A59%3A59Z&user_id=usr_055270&app_name=ncgrdemo&channel=email,ok,1.738,400.8,ok,39.012,455.4,3,3,3,GSI 22x,
matrix,time+user_id+app_name+status [last30d],from=2026-08-22T17%3A34%3A30Z&to=2026-09-21T17%3A34%3A30Z&user_id=usr_055270&app_name=ncgrdemo&status=PENDING,ok,3.741,423.2,ok,12.222,418.5,0,0,0,GSI 3x,
matrix,time+user_id+app_name+status [oct2025],from=2025-10-01T00%3A00%3A00Z&to=2025-10-31T23%3A59%3A59Z&user_id=usr_055270&app_name=ncgrdemo&status=PENDING,ok,2.186,413.2,ok,25.676,443.9,3,3,3,GSI 12x,
matrix,time+user_id+app_name+seen [last30d],from=2026-08-22T17%3A34%3A30Z&to=2026-09-21T17%3A34%3A30Z&user_id=usr_055270&app_name=ncgrdemo&seen=false,ok,5.544,613.7,ok,24.601,642.1,23,23,23,GSI 4x,
matrix,time+user_id+app_name+seen [oct2025],from=2025-10-01T00%3A00%3A00Z&to=2025-10-31T23%3A59%3A59Z&user_id=usr_055270&app_name=ncgrdemo&seen=false,ok,2.444,400.5,ok,59.843,471.1,7,7,7,GSI 24x,
matrix,time+user_id+channel+status [last30d],from=2026-08-22T17%3A34%3A30Z&to=2026-09-21T17%3A34%3A30Z&user_id=usr_055270&channel=email&status=PENDING,ok,4.256,406.6,ok,20.896,429.6,0,0,0,GSI 5x,
matrix,time+user_id+channel+status [oct2025],from=2025-10-01T00%3A00%3A00Z&to=2025-10-31T23%3A59%3A59Z&user_id=usr_055270&channel=email&status=PENDING,ok,1.723,402.6,ok,15.227,414.4,0,0,0,GSI 9x,
matrix,time+user_id+channel+seen [last30d],from=2026-08-22T17%3A34%3A30Z&to=2026-09-21T17%3A34%3A30Z&user_id=usr_055270&channel=email&seen=false,ok,7.644,822.9,ok,59.342,853.3,95,95,95,GSI 8x,
matrix,time+user_id+channel+seen [oct2025],from=2025-10-01T00%3A00%3A00Z&to=2025-10-31T23%3A59%3A59Z&user_id=usr_055270&channel=email&seen=false,ok,2.568,412.6,ok,100.755,509.4,8,8,8,GSI 39x,
matrix,time+user_id+status+seen [last30d],from=2026-08-22T17%3A34%3A30Z&to=2026-09-21T17%3A34%3A30Z&user_id=usr_055270&status=PENDING&seen=false,ok,3.289,404.1,ok,12.185,415.9,0,0,0,GSI 4x,
matrix,time+user_id+status+seen [oct2025],from=2025-10-01T00%3A00%3A00Z&to=2025-10-31T23%3A59%3A59Z&user_id=usr_055270&status=PENDING&seen=false,ok,2.108,410.2,ok,22.153,425.2,3,3,3,GSI 11x,
matrix,time+app_name+channel+status [last30d],from=2026-08-22T17%3A34%3A30Z&to=2026-09-21T17%3A34%3A30Z&app_name=ncgrdemo&channel=email&status=PENDING,ok,9.177,819.6,ok,293.934,1185.9,10685,100,100,GSI 32x,
matrix,time+app_name+channel+status [oct2025],from=2025-10-01T00%3A00%3A00Z&to=2025-10-31T23%3A59%3A59Z&app_name=ncgrdemo&channel=email&status=PENDING,ok,23.407,836.4,ok,664.475,1469.6,120047,100,100,GSI 28x,
matrix,time+app_name+channel+seen [last30d],from=2026-08-22T17%3A34%3A30Z&to=2026-09-21T17%3A34%3A30Z&app_name=ncgrdemo&channel=email&seen=false,ok,7.806,823.9,ok,579.718,1382.7,1534558,100,100,GSI 74x,
matrix,time+app_name+channel+seen [oct2025],from=2025-10-01T00%3A00%3A00Z&to=2025-10-31T23%3A59%3A59Z&app_name=ncgrdemo&channel=email&seen=false,ok,19.159,825.6,ok,1056.754,1858.5,1477066,100,100,GSI 55x,
matrix,time+app_name+status+seen [last30d],from=2026-08-22T17%3A34%3A30Z&to=2026-09-21T17%3A34%3A30Z&app_name=ncgrdemo&status=PENDING&seen=false,ok,8.36,798.3,ok,354.715,1206.8,31754,100,100,GSI 42x,
matrix,time+app_name+status+seen [oct2025],from=2025-10-01T00%3A00%3A00Z&to=2025-10-31T23%3A59%3A59Z&app_name=ncgrdemo&status=PENDING&seen=false,ok,5.098,822.8,ok,712.046,1547.5,355000,100,100,GSI 140x,
matrix,time+channel+status+seen [last30d],from=2026-08-22T17%3A34%3A30Z&to=2026-09-21T17%3A34%3A30Z&channel=email&status=PENDING&seen=false,ok,7.515,815.3,ok,367.347,1210.6,64185,100,100,GSI 49x,
matrix,time+channel+status+seen [oct2025],from=2025-10-01T00%3A00%3A00Z&to=2025-10-31T23%3A59%3A59Z&channel=email&status=PENDING&seen=false,ok,4.796,801.6,ok,801.545,1606.0,715875,100,100,GSI 167x,
matrix,user_id+app_name+channel+status,user_id=usr_055270&app_name=ncgrdemo&channel=email&status=PENDING,ok,4.057,436.6,ok,22.705,431.9,2,2,2,GSI 6x,
matrix,user_id+app_name+channel+seen,user_id=usr_055270&app_name=ncgrdemo&channel=email&seen=false,ok,5.332,601.3,ok,77.243,677.7,29,29,29,GSI 14x,
matrix,user_id+app_name+status+seen,user_id=usr_055270&app_name=ncgrdemo&status=PENDING&seen=false,ok,4.82,417.6,ok,33.39,444.6,10,10,10,GSI 7x,
matrix,user_id+channel+status+seen,user_id=usr_055270&channel=email&status=PENDING&seen=false,ok,4.522,411.8,ok,75.606,489.6,12,12,12,GSI 17x,
matrix,app_name+channel+status+seen,app_name=ncgrdemo&channel=email&status=PENDING&seen=false,ok,7.545,822.1,ok,431.049,1259.1,1404907,100,100,GSI 57x,
matrix,time+user_id+app_name+channel+status [last30d],from=2026-08-22T17%3A34%3A30Z&to=2026-09-21T17%3A34%3A30Z&user_id=usr_055270&app_name=ncgrdemo&channel=email&status=PENDING,ok,4.304,419.0,ok,13.591,421.1,0,0,0,GSI 3x,
matrix,time+user_id+app_name+channel+status [oct2025],from=2025-10-01T00%3A00%3A00Z&to=2025-10-31T23%3A59%3A59Z&user_id=usr_055270&app_name=ncgrdemo&channel=email&status=PENDING,ok,1.131,407.5,ok,16.668,418.8,0,0,0,GSI 15x,
matrix,time+user_id+app_name+channel+seen [last30d],from=2026-08-22T17%3A34%3A30Z&to=2026-09-21T17%3A34%3A30Z&user_id=usr_055270&app_name=ncgrdemo&channel=email&seen=false,ok,5.263,417.5,ok,26.811,436.4,9,9,9,GSI 5x,
matrix,time+user_id+app_name+channel+seen [oct2025],from=2025-10-01T00%3A00%3A00Z&to=2025-10-31T23%3A59%3A59Z&user_id=usr_055270&app_name=ncgrdemo&channel=email&seen=false,ok,1.586,412.9,ok,33.943,448.5,2,2,2,GSI 21x,
matrix,time+user_id+app_name+status+seen [last30d],from=2026-08-22T17%3A34%3A30Z&to=2026-09-21T17%3A34%3A30Z&user_id=usr_055270&app_name=ncgrdemo&status=PENDING&seen=false,ok,3.847,413.5,ok,22.61,421.5,0,0,0,GSI 6x,
matrix,time+user_id+app_name+status+seen [oct2025],from=2025-10-01T00%3A00%3A00Z&to=2025-10-31T23%3A59%3A59Z&user_id=usr_055270&app_name=ncgrdemo&status=PENDING&seen=false,ok,2.166,403.8,ok,24.303,435.4,3,3,3,GSI 11x,
matrix,time+user_id+channel+status+seen [last30d],from=2026-08-22T17%3A34%3A30Z&to=2026-09-21T17%3A34%3A30Z&user_id=usr_055270&channel=email&status=PENDING&seen=false,ok,3.947,406.5,ok,12.52,421.3,0,0,0,GSI 3x,
matrix,time+user_id+channel+status+seen [oct2025],from=2025-10-01T00%3A00%3A00Z&to=2025-10-31T23%3A59%3A59Z&user_id=usr_055270&channel=email&status=PENDING&seen=false,ok,1.347,404.8,ok,16.044,421.0,0,0,0,GSI 12x,
matrix,time+app_name+channel+status+seen [last30d],from=2026-08-22T17%3A34%3A30Z&to=2026-09-21T17%3A34%3A30Z&app_name=ncgrdemo&channel=email&status=PENDING&seen=false,ok,8.575,804.1,ok,379.522,1187.1,10685,100,100,GSI 44x,
matrix,time+app_name+channel+status+seen [oct2025],from=2025-10-01T00%3A00%3A00Z&to=2025-10-31T23%3A59%3A59Z&app_name=ncgrdemo&channel=email&status=PENDING&seen=false,ok,7.492,804.4,ok,743.069,1613.1,120047,100,100,GSI 99x,
matrix,user_id+app_name+channel+status+seen,user_id=usr_055270&app_name=ncgrdemo&channel=email&status=PENDING&seen=false,ok,4.378,405.6,ok,28.841,439.3,2,2,2,GSI 7x,
matrix,time+user_id+app_name+channel+status+seen [last30d],from=2026-08-22T17%3A34%3A30Z&to=2026-09-21T17%3A34%3A30Z&user_id=usr_055270&app_name=ncgrdemo&channel=email&status=PENDING&seen=false,ok,4.073,413.6,ok,14.583,426.2,0,0,0,GSI 4x,
matrix,time+user_id+app_name+channel+status+seen [oct2025],from=2025-10-01T00%3A00%3A00Z&to=2025-10-31T23%3A59%3A59Z&user_id=usr_055270&app_name=ncgrdemo&channel=email&status=PENDING&seen=false,ok,1.645,410.0,ok,17.527,428.2,0,0,0,GSI 11x,
hostile,status=PENDING,status=PENDING,ok,5.304,828.5,ok,526.41,1341.8,24962764,100,100,GSI 99x,
hostile,status=PENDING+time [last30d],status=PENDING&from=2026-08-22T17%3A34%3A30Z&to=2026-09-21T17%3A34%3A30Z,ok,5.401,803.1,ok,249.851,1076.5,190614,100,100,GSI 46x,
hostile,status=PENDING+time [oct2025],status=PENDING&from=2025-10-01T00%3A00%3A00Z&to=2025-10-31T23%3A59%3A59Z,ok,5.29,813.8,ok,655.814,1453.0,2122222,100,100,GSI 124x,
hostile,status=PENDING+user_id,status=PENDING&user_id=usr_055270,ok,3.228,594.5,ok,43.027,653.7,32,32,32,GSI 13x,
hostile,status=PENDING+app_name,status=PENDING&app_name=ncgrdemo,ok,5.285,814.2,ok,333.564,1155.2,4162286,100,100,GSI 63x,
hostile,status=PENDING+channel,status=PENDING&channel=email,ok,4.824,807.4,ok,425.337,1277.0,8428866,100,100,GSI 88x,
hostile,status=PENDING+seen,status=PENDING&seen=false,ok,4.557,822.4,ok,672.196,1519.4,24962764,100,100,GSI 148x,
hostile,status=PENDING+all-dims,status=PENDING&user_id=usr_055270&app_name=ncgrdemo&channel=email&seen=false,ok,2.757,534.6,ok,29.154,482.4,2,2,2,GSI 11x,
hostile,status=PENDING+all-dims+time [last30d],status=PENDING&user_id=usr_055270&app_name=ncgrdemo&channel=email&seen=false&from=2026-08-22T17%3A34%3A30Z&to=2026-09-21T17%3A34%3A30Z,ok,1.753,491.8,ok,13.377,416.9,0,0,0,GSI 8x,
hostile,channel=cblite,channel=cblite,ok,3.602,421.9,ok,5.101,417.8,5,5,5,GSI 1x,
hostile,channel=cblite+time [last30d],channel=cblite&from=2026-08-22T17%3A34%3A30Z&to=2026-09-21T17%3A34%3A30Z,ok,6.306,416.4,ok,8.597,415.7,5,5,5,GSI 1x,
hostile,channel=cblite+time [oct2025],channel=cblite&from=2025-10-01T00%3A00%3A00Z&to=2025-10-31T23%3A59%3A59Z,ok,1.582,413.6,ok,8.29,414.0,0,0,0,GSI 5x,
hostile,channel=cblite+user_id,channel=cblite&user_id=usr_055270,ok,2.516,403.5,ok,4.128,415.3,0,0,0,GSI 2x,
hostile,channel=cblite+app_name,channel=cblite&app_name=ncgrdemo,ok,4.385,417.5,ok,5.686,405.2,5,5,5,GSI 1x,
hostile,channel=cblite+status,channel=cblite&status=PENDING,ok,3.215,411.8,ok,4.042,417.6,0,0,0,GSI 1x,
hostile,channel=cblite+seen,channel=cblite&seen=false,ok,7.777,405.0,ok,5.012,444.7,1,1,1,FTS 2x,
hostile,channel=cblite+all-dims,channel=cblite&user_id=usr_055270&app_name=ncgrdemo&status=PENDING&seen=false,ok,4.143,423.3,ok,8.11,411.0,0,0,0,GSI 2x,
hostile,channel=cblite+all-dims+time [last30d],channel=cblite&user_id=usr_055270&app_name=ncgrdemo&status=PENDING&seen=false&from=2026-08-22T17%3A34%3A30Z&to=2026-09-21T17%3A34%3A30Z,ok,3.614,408.9,ok,8.773,422.7,0,0,0,GSI 2x,
hostile,seen=true,seen=true,ok,6.092,834.5,ok,1943.827,2738.4,191258613,100,100,GSI 319x,
hostile,seen=true+time [last30d],seen=true&from=2026-08-22T17%3A34%3A30Z&to=2026-09-21T17%3A34%3A30Z,ok,7.281,827.4,ok,391.738,1193.5,1452428,100,100,GSI 54x,
hostile,seen=true+time [oct2025],seen=true&from=2025-10-01T00%3A00%3A00Z&to=2025-10-31T23%3A59%3A59Z,ok,13.901,812.1,ok,1061.992,1881.7,16247638,100,100,GSI 76x,
hostile,seen=true+user_id,seen=true&user_id=usr_055270,ok,22.184,826.9,ok,117.341,915.0,187,100,100,GSI 5x,
hostile,seen=true+app_name,seen=true&app_name=ncgrdemo,ok,25.478,838.9,ok,753.694,1557.5,31886497,100,100,GSI 30x,
hostile,seen=true+channel,seen=true&channel=email,ok,21.065,842.2,ok,1125.769,1926.3,64556463,100,100,GSI 53x,
hostile,seen=true+status,seen=true&status=PENDING,timeout,,5205.7,ok,5.96,415.8,0,0,0,FTS,GSI slow: matching rows sit deep in sort_key order (post-filter walk)
hostile,seen=true+all-dims,seen=true&user_id=usr_055270&app_name=ncgrdemo&channel=email&status=PENDING,ok,3.786,431.3,ok,9.552,417.6,0,0,0,GSI 3x,
hostile,seen=true+all-dims+time [last30d],seen=true&user_id=usr_055270&app_name=ncgrdemo&channel=email&status=PENDING&from=2026-08-22T17%3A34%3A30Z&to=2026-09-21T17%3A34%3A30Z,ok,4.552,407.0,ok,13.005,417.7,0,0,0,GSI 3x,
text,text,text=password,n/a,,0.0,ok,279.183,1081.5,300110,0,100,FTS only,no GSI text path
text,text+status,text=password&status=DELIVERED,n/a,,0.0,ok,20.849,864.6,270337,0,100,FTS only,no GSI text path
text,text+channel,text=password&channel=email,n/a,,0.0,ok,18.448,809.7,150354,0,100,FTS only,no GSI text path
text,text+time [last30d],from=2026-08-22T17%3A34%3A30Z&to=2026-09-21T17%3A34%3A30Z&text=password,n/a,,0.0,ok,669.928,1468.1,5925888,0,100,FTS only,no GSI text path
text,text+time [oct2025],from=2025-10-01T00%3A00%3A00Z&to=2025-10-31T23%3A59%3A59Z&text=password,n/a,,0.0,ok,1392.692,2291.3,12722181,0,100,FTS only,no GSI text path
